{
  "pitch_class_dist": [
    0.1656029758294373,
    0.01872177076550644,
    0.1337911394835405,
    0.019538480531711915,
    0.11478550220424928,
    0.10863313422075854,
    0.028954177957672304,
    0.15796417955558273,
    0.016240054865719784,
    0.1085489032843046,
    0.046525824833509706,
    0.0806938564680069
  ],
  "interval_dist": [
    0.01460302965972309,
    0.001143506895730866,
    0.003015700837823926,
    0.003953978884693376,
    0.004371291392145385,
    0.02320519270531921,
    0.0037061671269082858,
    0.023414575984319518,
    0.031441558177185615,
    0.047429051680695486,
    0.15272017544989364,
    0.09578786482647568,
    0.22684642608915656,
    0.08677939851329564,
    0.1274550085602033,
    0.03486792443423932,
    0.023550218128354443,
    0.04156424265361732,
    0.003592128019595616,
    0.016864493705830617,
    0.005717119035640441,
    0.005763233210182176,
    0.0030364729885184014,
    0.0008809469109526981,
    0.018290294129499403
  ],
  "duration_dist": [
    0.034735145316945736,
    0.1713147829835341,
    0.017976905033335218,
    0.2766088212086892,
    0.00659788357385257,
    0.1965246067881051,
    0.014778813276942648,
    0.13686928473483564,
    0.02268970850728329,
    0.08793400093232086,
    0.033970047644155676
  ],
  "scale_degree_dist": [
    0.19599568605478396,
    0.1407856103831971,
    0.12658794927811198,
    0.13015372558799593,
    0.18688057746087494,
    0.11944958386201321,
    0.10014686737302289
  ]
}